timestamp,model,category,tag,person,garment,gen_time_sec,wall_sec,cost_usd,cost_inr,within_speed,within_cost,output_path,error
2026-09-02T11:42:03+00:00,catvton,coat,,assets/persons/male.jpg,assets/garments/coat.jpg,5.66,18.51,0.00116,0.103,True,True,results\outputs\catvton__coat.png,
2026-09-02T11:42:22+00:00,catvton,coat-w,,assets/persons/female.jpg,assets/garments/extras/coat_women.jpg,5.58,14.35,0.00115,0.101,True,True,results\outputs\catvton__coat-w.png,
2026-09-02T11:25:55+00:00,catvton,jeans,,assets/persons/male.jpg,assets/garments/jeans.jpg,5.68,22.1,0.00117,0.103,True,True,results\outputs\catvton__jeans.png,
2026-09-02T12:19:19+00:00,catvton,jumpsuit,,assets/persons/female.jpg,assets/garments/jumpsuit.jpg,5.63,14.09,0.00116,0.102,True,True,results\outputs\catvton__jumpsuit.png,
2026-09-02T12:20:00+00:00,catvton,kurti,,assets/persons/female.jpg,assets/garments/kurti.jpg,5.6,12.47,0.00115,0.102,True,True,results\outputs\catvton__kurti.png,
2026-09-02T10:26:18+00:00,catvton,lehenga,,assets/persons/female.jpg,assets/garments/lehenga.jpg,5.79,16.54,0.00119,0.105,True,True,results\outputs\catvton__lehenga.png,
2026-09-02T10:28:48+00:00,catvton,saree,,assets/persons/female.jpg,assets/garments/saree.jpg,5.81,8.42,0.00119,0.106,True,True,results\outputs\catvton__saree.png,
2026-09-02T11:25:09+00:00,catvton,shirt,,assets/persons/male.jpg,assets/garments/shirt.jpg,5.64,45.9,0.00116,0.103,True,True,results\outputs\catvton__shirt.png,
2026-09-02T11:41:34+00:00,catvton,t-shirt,,assets/persons/male.jpg,assets/garments/t-shirt.jpg,5.71,29.38,0.00117,0.104,True,True,results\outputs\catvton__t-shirt.png,
2026-09-02T12:18:21+00:00,catvton,top,,assets/persons/female.jpg,assets/garments/top.jpg,5.57,57.32,0.00115,0.101,True,True,results\outputs\catvton__top.png,
2026-09-02T11:26:17+00:00,catvton,trousers,,assets/persons/male.jpg,assets/garments/trousers.jpg,5.66,15.06,0.00116,0.103,True,True,results\outputs\catvton__trousers.png,
2026-09-02T11:19:57+00:00,idm-vton,coat,,assets/persons/male.jpg,assets/garments/coat.jpg,8.72,19.93,0.00179,0.159,True,True,results\outputs\idm-vton__coat.png,
2026-09-02T10:19:52+00:00,idm-vton,coat-w,,assets/persons/female.jpg,assets/garments/extras/coat_women.jpg,7.12,13.03,0.00146,0.13,True,True,results\outputs\idm-vton__coat-w.png,
2026-09-02T11:19:16+00:00,idm-vton,jeans,,assets/persons/male.jpg,assets/garments/jeans.jpg,8.58,17.8,0.00176,0.156,True,True,results\outputs\idm-vton__jeans.png,
2026-09-02T10:18:02+00:00,idm-vton,jumpsuit,,assets/persons/female.jpg,assets/garments/jumpsuit.jpg,7.13,17.82,0.00146,0.13,True,True,results\outputs\idm-vton__jumpsuit.png,
2026-09-02T10:17:13+00:00,idm-vton,kurti,,assets/persons/female.jpg,assets/garments/kurti.jpg,7.0,14.64,0.00144,0.127,True,True,results\outputs\idm-vton__kurti.png,
2026-09-02T10:17:27+00:00,idm-vton,lehenga,,assets/persons/female.jpg,assets/garments/lehenga.jpg,7.08,18.03,0.00145,0.129,True,True,results\outputs\idm-vton__lehenga.png,
2026-09-02T10:15:05+00:00,idm-vton,saree,,assets/persons/female.jpg,assets/garments/saree.jpg,7.97,127.43,0.00164,0.145,True,True,results\outputs\idm-vton__saree.png,
2026-09-02T11:18:46+00:00,idm-vton,shirt,,assets/persons/male.jpg,assets/garments/shirt.jpg,8.6,30.15,0.00177,0.156,True,True,results\outputs\idm-vton__shirt.png,
2026-09-02T11:43:15+00:00,idm-vton,t-shirt,,assets/persons/male.jpg,assets/garments/t-shirt.jpg,8.9,17.29,0.00183,0.162,True,True,results\outputs\idm-vton__t-shirt.png,
2026-09-02T10:17:45+00:00,idm-vton,top,,assets/persons/female.jpg,assets/garments/top.jpg,7.21,16.95,0.00148,0.131,True,True,results\outputs\idm-vton__top.png,
2026-09-02T11:19:34+00:00,idm-vton,trousers,,assets/persons/male.jpg,assets/garments/trousers.jpg,8.64,23.07,0.00178,0.157,True,True,results\outputs\idm-vton__trousers.png,
2026-09-02T12:05:54+00:00,idm-vton,coat,optimized,assets/persons/male.jpg,assets/garments/coat.jpg,8.76,30.31,0.0018,0.159,True,True,results\outputs\idm-vton__coat__optimized.png,
2026-09-02T12:06:24+00:00,idm-vton,coat-w,optimized,assets/persons/female.jpg,assets/garments/extras/coat_women.jpg,9.36,15.26,0.00192,0.17,True,True,results\outputs\idm-vton__coat-w__optimized.png,
2026-09-02T12:05:38+00:00,idm-vton,jumpsuit,optimized,assets/persons/female.jpg,assets/garments/jumpsuit.jpg,9.42,15.49,0.00194,0.171,True,True,results\outputs\idm-vton__jumpsuit__optimized.png,
2026-09-02T10:40:08+00:00,idm-vton,kurti,optimized,assets/persons/female.jpg,assets/garments/kurti.jpg,7.92,15.35,0.00163,0.144,True,True,results\outputs\idm-vton__kurti__optimized.png,
2026-09-02T12:05:22+00:00,idm-vton,lehenga,optimized,assets/persons/female.jpg,assets/garments/lehenga.jpg,10.05,16.54,0.00207,0.183,True,True,results\outputs\idm-vton__lehenga__optimized.png,
2026-09-02T12:04:48+00:00,idm-vton,saree,optimized,assets/persons/female.jpg,assets/garments/saree.jpg,11.18,33.17,0.0023,0.203,True,True,results\outputs\idm-vton__saree__optimized.png,
2026-09-02T11:38:08+00:00,leffa,coat,,assets/persons/male.jpg,assets/garments/coat.jpg,7.08,19.26,0.00146,0.129,True,True,results\outputs\leffa__coat.png,
2026-09-02T10:51:34+00:00,leffa,coat-w,,assets/persons/female.jpg,assets/garments/extras/coat_women.jpg,6.86,13.64,0.00141,0.125,True,True,results\outputs\leffa__coat-w.png,
2026-09-02T11:37:28+00:00,leffa,jeans,,assets/persons/male.jpg,assets/garments/jeans.jpg,6.99,16.97,0.00144,0.127,True,True,results\outputs\leffa__jeans.png,
2026-09-02T10:49:51+00:00,leffa,jumpsuit,,assets/persons/female.jpg,assets/garments/jumpsuit.jpg,6.92,12.92,0.00142,0.126,True,True,results\outputs\leffa__jumpsuit.png,
2026-09-02T10:49:03+00:00,leffa,kurti,,assets/persons/female.jpg,assets/garments/kurti.jpg,6.84,15.13,0.00141,0.124,True,True,results\outputs\leffa__kurti.png,
2026-09-02T10:49:18+00:00,leffa,lehenga,,assets/persons/female.jpg,assets/garments/lehenga.jpg,6.85,20.69,0.00141,0.125,True,True,results\outputs\leffa__lehenga.png,
2026-09-02T10:48:15+00:00,leffa,saree,,assets/persons/female.jpg,assets/garments/saree.jpg,7.18,47.8,0.00148,0.131,True,True,results\outputs\leffa__saree.png,
2026-09-02T11:37:00+00:00,leffa,shirt,,assets/persons/male.jpg,assets/garments/shirt.jpg,7.14,28.05,0.00147,0.13,True,True,results\outputs\leffa__shirt.png,
2026-09-02T11:36:08+00:00,leffa,t-shirt,,assets/persons/male.jpg,assets/garments/t-shirt.jpg,7.95,51.51,0.00163,0.145,True,True,results\outputs\leffa__t-shirt.png,
2026-09-02T10:49:38+00:00,leffa,top,,assets/persons/female.jpg,assets/garments/top.jpg,6.84,12.99,0.00141,0.124,True,True,results\outputs\leffa__top.png,
2026-09-02T11:37:45+00:00,leffa,trousers,,assets/persons/male.jpg,assets/garments/trousers.jpg,6.95,23.14,0.00143,0.126,True,True,results\outputs\leffa__trousers.png,
